{
  "model_0_naive_ols": {
    "roi": {
      "tv": 0.7330775562290276,
      "search": 3.029348707913777,
      "social": 1.3283379934701518,
      "display": 0.5175857090788009,
      "email": 2.10830962334106
    },
    "rmse": 1.5682185381585336,
    "r2": 0.887854499746225
  },
  "model_1_oracle_ols": {
    "roi": {
      "tv": 3.0114376079772436,
      "search": 4.718773845653278,
      "social": 2.5896239961981578,
      "display": 2.142077572871766,
      "email": 2.88174775959445
    },
    "rmse": 0.33879821879095495,
    "r2": 0.9161800455377809
  },
  "true_roi": {
    "tv": 2.999061117254769,
    "search": 4.501032797461116,
    "social": 2.5169558858319854,
    "display": 1.788551238455008,
    "email": 3.511108784999467
  }
}