{
  "seed": 42,
  "n_weeks": 156,
  "adstock_L": 12,
  "variants": {
    "clean": {
      "variant": "clean",
      "true_roi": {
        "tv": 2.999061117254769,
        "search": 4.501032797461116,
        "social": 2.5169558858319854,
        "display": 1.788551238455008,
        "email": 3.511108784999467
      },
      "derived_betas": {
        "tv": 171.49335887660928,
        "search": 169.4667244428949,
        "social": 82.98130797907339,
        "display": 40.87558500571941,
        "email": 37.15268491646626
      },
      "channel_params": {
        "tv": {
          "decay": 0.65,
          "alpha": 2.0,
          "kappa": 28.0,
          "target_roi": 3.0,
          "spend_mean": 30.0,
          "spend_sd": 7.0,
          "demand_beta": 0.45
        },
        "search": {
          "decay": 0.15,
          "alpha": 1.6,
          "kappa": 18.0,
          "target_roi": 4.5,
          "spend_mean": 20.0,
          "spend_sd": 5.0,
          "demand_beta": 0.6
        },
        "social": {
          "decay": 0.35,
          "alpha": 1.8,
          "kappa": 16.0,
          "target_roi": 2.5,
          "spend_mean": 18.0,
          "spend_sd": 4.5,
          "demand_beta": 0.3
        },
        "display": {
          "decay": 0.45,
          "alpha": 1.5,
          "kappa": 11.0,
          "target_roi": 1.8,
          "spend_mean": 12.0,
          "spend_sd": 3.0,
          "demand_beta": 0.2
        },
        "email": {
          "decay": 0.2,
          "alpha": 1.7,
          "kappa": 5.0,
          "target_roi": 3.5,
          "spend_mean": 6.0,
          "spend_sd": 1.5,
          "demand_beta": 0.1
        }
      },
      "baseline": {
        "intercept": 300.0,
        "trend_per_week": 0.6,
        "season_amplitude": 40.0,
        "demand_on_sales": 0.0,
        "noise_sd": 18.0
      }
    },
    "confounded": {
      "variant": "confounded",
      "true_roi": {
        "tv": 2.7949601261674295,
        "search": 3.8329305794656583,
        "social": 2.409943216895069,
        "display": 1.7849491252996306,
        "email": 3.5034365192477055
      },
      "derived_betas": {
        "tv": 171.49335887660928,
        "search": 169.4667244428949,
        "social": 82.98130797907339,
        "display": 40.87558500571941,
        "email": 37.15268491646626
      },
      "channel_params": {
        "tv": {
          "decay": 0.65,
          "alpha": 2.0,
          "kappa": 28.0,
          "target_roi": 3.0,
          "spend_mean": 30.0,
          "spend_sd": 7.0,
          "demand_beta": 0.45
        },
        "search": {
          "decay": 0.15,
          "alpha": 1.6,
          "kappa": 18.0,
          "target_roi": 4.5,
          "spend_mean": 20.0,
          "spend_sd": 5.0,
          "demand_beta": 0.6
        },
        "social": {
          "decay": 0.35,
          "alpha": 1.8,
          "kappa": 16.0,
          "target_roi": 2.5,
          "spend_mean": 18.0,
          "spend_sd": 4.5,
          "demand_beta": 0.3
        },
        "display": {
          "decay": 0.45,
          "alpha": 1.5,
          "kappa": 11.0,
          "target_roi": 1.8,
          "spend_mean": 12.0,
          "spend_sd": 3.0,
          "demand_beta": 0.2
        },
        "email": {
          "decay": 0.2,
          "alpha": 1.7,
          "kappa": 5.0,
          "target_roi": 3.5,
          "spend_mean": 6.0,
          "spend_sd": 1.5,
          "demand_beta": 0.1
        }
      },
      "baseline": {
        "intercept": 300.0,
        "trend_per_week": 0.6,
        "season_amplitude": 40.0,
        "demand_on_sales": 45.0,
        "noise_sd": 18.0
      }
    }
  }
}