{
  "model_0_naive_ols": {
    "roi": {
      "tv": 0.7330775562290238,
      "search": 3.029348707913782,
      "social": 1.328337993470155,
      "display": 0.5175857090787952,
      "email": 2.1083096233410576
    },
    "rmse": 1.5682185381585345,
    "r2": 0.8878544997462251
  },
  "model_1_oracle_ols": {
    "roi": {
      "tv": 3.0114376079774736,
      "search": 4.718773845653272,
      "social": 2.589623996198132,
      "display": 2.1420775728722123,
      "email": 2.881747759594364
    },
    "rmse": 0.33879821879107985,
    "r2": 0.916180045537781
  },
  "true_roi": {
    "tv": 2.999061117254769,
    "search": 4.501032797461116,
    "social": 2.5169558858319854,
    "display": 1.788551238455008,
    "email": 3.511108784999467
  }
}